"Atomic environment number (Villars, Daams)",Charge nuclear effective (Clementi),Compression modulus,Density,Energy cohesive (Brewer),Enthalpy of melting,Entropy of solid,Magnetic frequency of nuclei,Melting temperature,Mendeleev chemists sequence,Moment nuclear magnetic,Nuclear charge effective (Slater),Oxidation state first,Radii covalent(pm),Radii metal (Waber) (A),Spectral lines no,Spin nuclei,Thermal neutron capture cross section,Valence electron number,"Volume of atom (Villars, Daams)",Luminosity (photons/MeV)
4.5,187.123375,0.289175,3738.9175,3.150875,4.309,105.9885533,21.45518125,482.2375,80.025,-0.333,4.3875,0.875,102.95,1.21799375,140.38125,1.4125,5214.2798,5.875,1.993275,1
5.4,4.2986,0.2956632,2280.6464,2.917168,4.46964,134.4567711,18.5406648,407,91.7848,0.3175184,4.12972,-0.0008,89.6056,1.106824,161.9616,2.5,0.0995736,4.8008,1.7056832,0.2875
2.505882353,4.320658824,0.542750588,2293.174118,3.379317647,8.474764706,131.1305769,18.52967765,913.64,88.53411765,-0.052376471,3.867647059,0,89.91058824,1.075837647,147.3505882,2.031764706,1141.592541,4.708235294,171.6533859,1.375
4.338181818,4.686436364,0.363912727,2369.858182,3.0108,6.747090909,128.6373757,15.85716909,781.2018182,75.85272727,-0.503903636,3.731818182,0.012727273,103.3981818,1.244189091,164.7636364,2.252727273,697.9044364,4.376363636,2.620914545,0.6375
4.7,6.6478,0.07146,2933.236,1.7758,7.5275,175.7982881,9.53353,473.36,77.18,0.7319,5.125,0,125.04,1.26563,182.77,1.52,4435.116,5.6,2021.79248,3.75
4.55,4.851766667,0.217896667,2304.163333,2.7307,10.73983333,136.4199007,13.62687667,556.0733333,77.92333333,-0.783366667,4.058333333,0,102.29,134.6113533,183.6633333,2.003333333,44.05255,4.67,2.58488,1.25
3.672727273,93.12198182,0.08124,2266.085455,2.623418182,2.166636364,149.8830093,18.08257091,274.62,84.42,-0.826509091,4.286363636,-0.363636364,97.92909091,1.204487273,175.54,1.96,25.35469091,5.096363636,2.587167273,0.3125
3.689230769,4.894778462,0.250628923,2321.661231,2.960756923,13.15069231,140.6365447,14.640904,575.7990769,85.70061538,-0.893433846,4.196153846,0,98.07292308,1.197017231,188.7073846,1.884923077,41.07824615,4.923384615,2.498927385,4.375
5.137142857,5.321731429,0.176882286,2503.370857,2.689977143,9.711857143,138.5089144,13.76767886,557.0554286,74.58685714,-0.736091429,4.007142857,0,110.9925714,1.337603429,195.8851429,1.929142857,27.42942857,4.572,3.076865143,5
4.7,6.43508,0.070946,2575.72,1.7969,7.1883,173.6498157,9.583026,498.052,75.806,0.774646,5.1397,-8.88E-17,125.106,1.266228,172.77,1.406,25.23664,5.6,2021.79192,1.875
4.566666667,5.07255,0.238156667,2750.998333,2.717433333,10.60191667,137.1560795,13.61523,536.8283333,78.295,-0.782766667,4.183333333,0,101.2283333,1.22826,184.9983333,2.001666667,36.47446667,5.501666667,2.52044,2
4.273076923,79.72029615,0.07746,2345.861923,2.566015385,2.465442308,147.5930284,17.18253538,313.2588462,80.09346154,-0.774034615,4.196153846,-0.307692308,103.1857692,1.260693846,180.4003846,1.965,16.24799231,4.926538462,2.808933077,3.375
3.336842105,81.34693684,0.165033684,2246.365263,2.787242105,3.155947368,146.6597564,18.44059368,378.0957895,86.19052632,-0.726663158,4.218421053,-0.315789474,94.90631579,1.168545263,169.2073684,1.976842105,216.7050316,5.055789474,2.427675789,2.25
4.125,4.898325,0.3828275,2732.249,3.159825,7.0895,132.8248707,15.981545,798.2775,79.2825,-0.40625,3.759375,0,100.8225,1.217345,168.505,2.0675,3659.684325,4.5,2.512795,0.04625
3.3125,101.8314875,0.083565,2209.28375,2.66085,1.9671625,151.3526563,18.62653,249.21375,87.15125,-0.8623875,4.345,-0.4,94.55125,1.169285,172.23375,1.95375,17.477945,5.20375,2.4474775,3.125
4.19047619,74.75428571,0.087714286,2773.238095,2.698571429,2.59847619,148.6897238,20.6317619,323.8571429,81.0952381,-0.646809524,4.211904762,-0.19047619,100.1904762,1.210904762,167.8095238,2.071428571,0.270628571,5.047619048,90.82771429,0.05
3.602941176,4.873426471,0.254476471,2314.248529,2.974647059,13.32975,140.7534435,14.70195294,576.8779412,86.30441176,-0.900838235,4.205882353,0,97.39264706,1.189258824,188.3955882,1.883823529,47.19099412,4.942647059,2.467432353,2.5
5.515625,4.406140625,0.28056875,2314.139063,2.8743125,4.447609375,134.5016069,18.1895125,413.8703125,89.6359375,0.270671875,4.103125,0,92.2296875,1.1348375,164.5453125,2.4703125,7.31513125,4.7515625,1.847771875,0.625
5.166666667,8.8135,0.052233333,3476.736667,2,10.17083333,119.36092,21.23656667,523.7166667,70.35,1.789,6.016666667,1.85E-17,143.6833333,1.542266667,145.45,1.616666667,81.55166667,5.35,4.358166667,14
5.333333333,8.546666667,0.051,3266.533333,1.446666667,9.646666667,122.8128,21.70833333,510,70,1.709666667,6.016666667,0,142,1.527666667,136.3333333,1.5,4.966666667,5.333333333,4.284333333,2.4125
5.332666667,8.54774,0.051045333,3268.082,1.447473333,9.647033333,122.814391,21.70824967,510.0243333,70.00566667,1.709409667,6.016666667,0.000333333,141.989,1.527490667,136.3033333,1.500666667,4.966433333,5.333666667,4.283393,1.7
5.166666667,8.5555,0.051733333,3294.016667,1.446,9.675833333,122.91747,21.93646667,511.6166667,70.45,1.7195,6.016666667,0,141.7833333,1.520266667,137.15,1.516666667,81.61166667,5.35,4.259566667,7.25
5.33,8.546843333,0.051014667,3267.083,1.446653333,9.64725,122.8148934,21.712896,510.0323333,70.009,1.709863333,6.016666667,0,141.9956667,1.527518667,136.3496667,1.500333333,6.499566667,5.333666667,4.283838,1.9625
5.166666667,8.5555,0.051733333,3294.016667,1.446,9.675833333,122.91747,21.93646667,511.6166667,70.45,1.7195,6.016666667,0,141.7833333,1.520266667,137.15,1.516666667,81.61166667,5.35,4.259566667,6.125
5.166666667,7.5855,0.050066667,2936.416667,1.506,8.2875,146.6984933,16.20046667,480.2833333,71.11666667,1.2935,5.516666667,0,136.7833333,1.433933333,162.4833333,1.516666667,91.17833333,5.35,965.1672333,7.4375
5.066666667,9.4208,0.05384,3919.573333,3.292266667,11.34333333,111.1251053,19.74034667,552.92,70.38666667,1.957066667,6.016666667,0,147.9866667,1.58916,165.3066667,1.86,127.3986667,5.36,4.573373333,12.125
5.166666667,9.4155,0.0534,3903.083333,3.292666667,11.32583333,111.0623033,19.60346667,551.95,70.11666667,1.951166667,6.016666667,0,148.1166667,1.5936,164.8166667,1.85,81.41166667,5.35,4.588233333,11.125
5.333333333,6.606666667,0.047666667,2551.333333,1.566666667,6.87,170.3748467,10.23633333,447.3333333,71.33333333,0.857666667,5.016666667,0,132,1.355,187,1.5,24.1,5.333333333,1926.099667,0.75
5.332666667,6.60774,0.047712,2552.882,1.567473333,6.870366667,170.3764377,10.23624967,447.3576667,71.339,0.857409667,5.016666667,0.000333333,131.989,1.354824,186.97,1.500666667,24.09976667,5.333666667,1926.098726,0.3875
5.33,6.606843333,0.047681333,2551.883,1.566653333,6.870583333,170.3769401,10.240896,447.3656667,71.34233333,0.857863333,5.016666667,0,131.9956667,1.354852,187.0163333,1.500333333,25.6329,5.333666667,1926.099171,2.425
5.166666667,6.6155,0.0484,2578.816667,1.566,6.899166667,170.4795167,10.46446667,448.95,71.78333333,0.8675,5.016666667,0,131.7833333,1.3476,187.8166667,1.516666667,100.745,5.35,1926.0749,6.5
5.166666667,7.5855,0.050066667,2936.416667,1.506,8.2875,146.6984933,16.20046667,480.2833333,71.11666667,1.2935,5.516666667,0,136.7833333,1.433933333,162.4833333,1.516666667,91.17833333,5.35,965.1672333,6.5
5.166666667,8.4455,0.051733333,3545.483333,3.352666667,9.9375,134.8433267,13.86746667,520.6166667,70.78333333,1.525166667,5.516666667,0,143.1166667,1.507266667,190.15,1.85,90.97833333,5.35,965.4959,6.75
5.333333333,5.926666667,0.041666667,2208.666667,1.193333333,2.94,156.86544,66.42233333,368.6666667,72.66666667,2.061666667,4.416666667,0,104.6666667,1.247666667,126.3333333,0.833333333,0.439733333,5.333333333,1238.766333,1.25
5.332,5.928813333,0.041757333,2211.764,1.194946667,2.940733333,156.868622,66.422166,368.7153333,72.678,2.061152667,4.416666667,0.000666667,104.6446667,1.247314667,126.2733333,0.834666667,0.439266667,5.334,1238.764453,1.625
5.166666667,8.1055,0.048733333,3374.15,3.166,7.9725,128.0886233,41.96046667,481.2833333,71.45,2.127166667,5.216666667,0,129.45,1.4536,159.8166667,1.516666667,79.1482,5.35,621.8292333,6.875
4.428571429,6.647,0.082685714,3094.482857,1.864142857,7.856428571,178.0966022,9.182021429,488.1857143,79.77142857,0.674428571,5.171428571,0,122.0285714,1.22795,181.4785714,1.514285714,6675.547143,5.714285714,2062.802486,4.375
5.333333333,10.26666667,0.054333333,4484.666667,5.14,12.94666667,99.10246667,17.04233333,590.6666667,69.33333333,2.173,6.016666667,0,154.6666667,1.674333333,191.6666667,2.166666667,4.566666667,5.333333333,4.941666667,0.575
5.332666667,10.26774,0.054378667,4486.215333,5.140806667,12.94703333,99.10405765,17.04224967,590.691,69.339,2.172743,6.016666667,0.000333333,154.6556667,1.674157333,191.6366667,2.167333333,4.566433333,5.333666667,4.940726333,0.575
5.33,10.26684333,0.054348,4485.216333,5.139986667,12.94725,99.10456007,17.046896,590.699,69.34233333,2.173196667,6.016666667,0,154.6623333,1.674185333,191.683,2.167,6.099566667,5.333666667,4.941171333,0.475
5.166666667,10.2755,0.055066667,4512.15,5.139333333,12.97583333,99.20713667,17.27046667,592.2833333,69.78333333,2.182833333,6.016666667,0,154.45,1.666933333,192.4833333,2.183333333,81.21166667,5.35,4.9169,4.75
4.971428571,73.98437143,0.069125714,2044.14,2.379885714,2.073,141.6180191,15.82325143,267.7057143,74.50571429,-0.7296,4.007142857,-0.285714286,110.6771429,1.350017143,163.9971429,1.931428571,13.65217143,4.574285714,3.240611429,4.375
4.181818182,5.998181818,0.092090909,3218.363636,1.589090909,4.570909091,162.3717164,71.50390909,480.7272727,86.18181818,2.522454545,4.586363636,0,88.54545455,1.064636364,91.90909091,1.136363636,15.39789091,5.818181818,1350.199909,0.05
5,5.215,0.0835,1899.333333,1.128333333,3.123333333,151.4993583,65.59016667,356,73.16666667,2.049,4.416666667,0,94.33333333,267.8738333,105.5,1,0.233566667,5.333333333,1238.103833,0.125
2.877777778,112.4761444,0.086382222,2138.943333,2.706622222,1.722388889,153.1454024,19.28376444,218.1077778,90.47444444,-0.906566667,4.416666667,-0.444444444,90.43,1.126506667,168.1655556,1.945555556,5.295977778,5.334444444,2.277571111,0.2375
3.422222222,5.170066667,0.253542222,2614.22,2.891022222,13.42277778,133.3449282,15.96697333,637.3266667,82.50444444,-0.654577778,4.083333333,0.222222222,105.1933333,1.23568,196.6644444,1.946666667,559.4764444,4.78,2.640697778,3.75
4.165,5.555088333,0.211840667,2861.274833,2.698326667,11.54729167,128.438115,16.07728133,656.8495,74.33783333,-0.445235,3.916666667,0.333333333,116.3311667,1.338426,204.6748333,2.000166667,796.1511833,4.500166667,3.053419,1
4.833333333,6.04991,0.094737833,2775.506667,1.805841667,3.605433333,154.2642136,65.4641395,495.6373333,76.46616667,1.865462833,4.439191667,0.25,95.96616667,1.128581,98.5775,0.882833333,0.366846667,5.583333333,1238.037057,0.1225
2.526315789,6.689473684,0.195157895,4155.631579,2.708947368,8.385684211,146.4785032,12.496,340.4736842,94.73684211,-0.206789474,5.092105263,-0.315789474,92.94736842,1.136157895,158,3.236842105,0.356294737,5.473684211,2.198736842,1.325
2.526315789,6.689473684,0.195157895,4155.631579,2.708947368,8.385684211,146.4785032,12.496,340.4736842,94.73684211,-0.206789474,5.092105263,-0.315789474,92.94736842,1.136157895,158,3.236842105,0.356294737,5.473684211,2.198736842,0.25
5.821746296,12.94470222,0.313358319,9410.709198,2.226309337,10.86297385,61.07752097,16.02350688,542.699068,81.68862951,3.807172075,6.210329057,2.838555773,148.8146138,1.669137791,129.8482231,4.391557672,10.517062,5.01684803,3.461303775,0.15
4.6,7.77,0.093,4088.76,2.1,6.0316,136.782756,16.2604,383.6,79.4,0.6566,5.17,0,119.2,1.3786,165.6,2.5,1.62792,5.2,3.3172,0.275
4.6,7.188,0.092,3874.2,2.136,5.1986,151.05137,12.8188,364.8,79.8,0.401,4.87,0,116.2,1.3268,180.8,2.5,7.36792,5.2,579.8618,0.825
4.2,6.886,0.0946,3663.4,2.1,5.2786,148.53929,11.4628,373.8,80,0.4326,4.87,0,115,1.3084,154.6,3.1,7.34792,5.2,579.7284,0.25
3.652173913,4.881304348,0.277130435,3116.652174,2.943913043,7.595043478,139.1492096,15.35508696,506.5652174,84.47826087,-0.911478261,4.297826087,-0.086956522,95.17391304,1.16173913,185.6086957,2.369565217,16.19692174,4.869565217,2.170869565,0.15
3.904761905,73.71333333,0.086739286,1867.988095,2.462666667,2.685261905,142.8026346,19.62638333,343.6666667,80.00595238,-1.102875,4.211904762,-0.282142857,97.58690476,1.196217857,161.9880952,2.357142857,0.130759524,4.955952381,90.69558929,0.4
2.625,64.76275,0.286429375,1967.93125,3.00655,4.6164375,139.3406973,18.38733375,534.475,88.884375,-0.869203125,4.125,-0.249375,87.744375,1.085338125,152.98125,2.25,479.7031063,5.000625,1.999403125,0.16375
4.533333333,7.5485,0.06725,2646.75,1.427,9.929166667,115.559169,20.54788333,547.4,71.08333333,1.008266667,6.016666667,0,134.1833333,1.435083333,118.15,2.15,81.33616667,5.35,3.732,4.5
5.4,5.3948,0.255174,4185.38,3.22096,6.987,140.6403734,10.112068,754.12,75.03,-1.27385,3.93,0.002,103.182,1.244282,177.94,2.9,20.88802,4.802,2.41409,1.25
4.666666667,9.206666667,0.070666667,3803.333333,5.12,13.21333333,91.35688667,15.58066667,628.3333333,70,1.424333333,6.016666667,0,146.6666667,1.584666667,171.6666667,2.833333333,4.276666667,5.333333333,4.386333333,10.75
105,5.341666667,0.571333333,4808.333333,3.523333333,7.562666667,149.350135,10.85283333,835.6666667,80.83333333,-1.462,4.233333333,-0.333333333,94.66666667,1.157,238.8333333,2.333333333,3.1402,5.333333333,2.193833333,1.975
4.666666667,6.13,0.163,3893.333333,0.946666667,2.473333333,152.4972133,70.112,234,75.66666667,1.554,4.916666667,0,85.66666667,1.022666667,88.66666667,0.5,816.6730667,8.666666667,1237.381333,0.1375
105,5.973333333,0.623833333,5991.333333,3.41,7.196,151.0388117,13.4285,749.5,82,-1.3415,4.483333333,-0.333333333,89.16666667,1.089333333,230,1.833333333,411.4018667,7,1.779,3.375
3.75,9.4725,0.0785,4387.1,1.995,10.1525,131.2457125,22.97,467.25,81.75,1.61425,6.4125,0,126.75,1.30625,103,2,5.25,6,3.32725,8.5
3.75,9.4421,0.07808675,4355.3225,1.98322,10.151075,131.1126665,22.9503635,467.44,81.67875,1.60724375,6.4125,-0.00475,126.79275,1.30748025,103.1425,2,5.2491925,5.99525,3.33273625,7.25
3.75,7.29,0.07475,3582.5,2.13,7.02875,184.753015,10.064,396.75,83.25,0.65575,5.2875,0,115.5,1.112,160,2,26.775,6,2165.3695,5.75
2.05,125.905,0.09565,2267,2.8935,1.3833,157.3924665,20.15325,171.3,96.7,-1.03435,4.5275,-0.5,81.95,1.02875,158.3,2.05,0.07696,5.6,1.86385,0.5
6.547906317,6.408459901,0.032623847,2229.124202,1.303548616,5.399361249,160.3122361,11.03243222,332.1163946,60.72391767,1.336322924,4.510752307,0.012775018,152.2015614,1.622105749,161.4599006,2.074875798,61.21980128,4.562100781,1642.819894,3.75
6.471428571,9.539585714,0.038011429,3882.204286,4.362457143,10.5975,99.852962,16.90473714,450.97,59.41285714,2.468042857,5.378571429,0,171.2985714,1.89056,165.2042857,2.652857143,58.00128571,4.581428571,6.629282857,2.125
5.111111111,6.511111111,0.138888889,3248.444444,1.826666667,7.512222222,172.5752267,9.793555556,459,74.88888889,1.184888889,4.905555556,0,134.2222222,1.389777778,154.5555556,2.166666667,41.66666667,5.333333333,1926.822111,6.75
6,7.898,0.0545,3113.68,1.487,7.943,117.736997,23.7995,372.4,64.3,2.1138,5.415,0,144.2,1.5759,94.6,2.1,9.9445,4.8,4.8514,3.5
6,7.64258,0.068756,3080.0596,1.46918,8.5964,117.3763885,23.102243,423.286,65.488,2.0643,5.415,0,143.804,1.584513,101.827,1.902,4860.8851,4.8,4.834768,3.125
6,7.6658,0.06746,3083.116,1.4708,8.537,117.4091711,23.16563,418.66,65.38,2.0688,5.415,0,143.84,1.58373,101.17,1.92,4419.8905,4.8,4.83628,3.8125
6.117647059,7.823431373,0.058470588,3029.343137,1.555784314,8.058823529,115.6714272,23.83382353,396.8627451,63.21568627,2.304990196,5.364705882,0.058823529,144.9607843,1.592921569,109.4705882,2.12745098,10.50068627,4.764705882,4.847676471,6.25
6,5.953,0.068614,2629.2,1.605945,6.46885,158.5057307,13.5289275,401.371,68.087,1.61963,4.529925,-8.88E-17,134.3045,1.4223905,135.1255,2.1,35.4628,4.8,1734.432664,0.875
6,9.247,0.074614,4369.2,4.821945,11.93785,94.36058873,19.6543275,530.371,66.287,2.80343,5.429925,-8.88E-17,154.7045,1.7097905,139.3255,2.7,17.8828,4.8,5.390464,1.375
6,7.44854,0.067073,2721.64,1.49195,8.2004,115.2354304,23.209163,444.076,64.003,2.111523,5.42985,0,143.903,1.584414,91.135,1.803,10.01182,4.8,4.83556,3
6,5.698,0.0642,2074,1.6,5.704,158.016004,12.8784,388.4,65.2,1.3447,4.53,0,134.9,1.4291,136.7,1.8,27.2325,4.8,1734.4692,2.8025
6,5.70027,0.0641365,2075.98,1.599975,5.7027,158.0286382,12.8813815,388.038,65.2015,1.3447115,4.529925,-8.88E-17,134.9015,1.429057,136.7175,1.8015,27.23216,4.8,1734.46928,2.625
6,5.698454,0.0641873,2074.396,1.599995,5.70374,158.0185308,12.8789963,388.3276,65.2003,1.3447023,4.529985,0,134.9003,1.4290914,136.7035,1.8003,27.232432,4.8,1734.469216,2.7
6,5.698298,0.064188,2074.4986,1.599866,5.70396,158.0217359,12.8832784,388.2818,65.201,1.3454566,4.52997,0,134.9006,1.4291054,136.7292,1.8004,27.234524,4.8,1734.469228,1.25
6,8.021,0.0497,3157.38,1.435,7.914,120.02299,22.5583,364.2,64.2,2.0098,5.505,0,147.3,1.6108,100,2.1,9.993,4.8,5.0224,3.125
6,7.7888,0.06266,3126.816,1.4188,8.508,119.6951641,21.92443,410.46,65.28,1.9648,5.505,0,146.94,1.61863,106.57,1.92,4419.939,4.8,5.00728,4.6
6,7.77332,0.063524,3124.7784,1.41772,8.5476,119.673309,21.882172,413.544,65.352,1.9618,5.505,0,146.916,1.619152,107.008,1.908,4713.9354,4.8,5.006272,6
6,6.0428,0.05966,2483.136,1.5268,6.009,162.5010061,11.59963,354.06,66.48,1.198,4.605,0,137.94,1.46323,152.17,1.92,4437.159,4.8,1734.64108,2.625
6,6.02216,0.060812,2480.4192,1.52536,6.0618,162.471866,11.543286,358.172,66.576,1.194,4.605,-8.88E-17,137.908,1.463926,152.754,1.904,4829.1542,4.8,1734.639736,3.375
6,7.872745,0.050098,2948.9275,1.449925,8.02345,118.7565669,22.883068,376.339,63.802,2.2685995,5.505,-8.88E-17,147.698,1.626919,115.92,2.1,10.82681,4.8,5.0485685,2.125
6,7.87796,0.050084,2956.26,1.4494,8.0196,118.8011145,22.871644,375.912,63.816,2.259496,5.505,0,147.684,1.626352,115.36,2.1,10.79748,4.8,5.047648,5.75
6,7.568362,0.0623619,2762.568,1.439985,8.17322,117.5037355,21.9637889,436.3828,63.9009,2.0075069,5.519955,0,147.0009,1.6193742,96.5105,1.8009,10.060796,4.8,5.006448,1.1875
6.285714286,6.167142857,0.102571429,2714.142857,1.221428571,5.297142857,157.5612371,10.24,283.5714286,62,1.326571429,4.735714286,0,141.2857143,1.5,145.2857143,2.214285714,28.72857143,6,1652.668429,0.07875
5.111111111,6.21,0.110333333,2492.444444,1.805555556,6.467777778,171.8216122,10.48355556,417.8888889,75,1.261333333,4.888888889,0,134.3333333,1.392222222,152.6666667,2.055555556,30.13155556,5.333333333,1926.831778,3.1375
6,6.66,0.0419,2603.9,1.512,5.36,166.157335,10.9001,300.9,65.1,1.2778,4.605,0,146.4,1.5374,148.6,2.3,30.06,4.8,1735.4215,2.375
11.16666667,7.8636,0.142186667,4392.765333,2.907266667,8.776333333,83.5913517,11.18947667,742.12,31.46,1.636,3.316666667,1.333333333,193.3466667,2.197543333,154.2566667,2.673333333,16185.53533,2.666666667,7.603893333,0.325
6,8.15832,0.058724,3214.9784,1.38672,8.4926,123.001812,20.548772,406.644,65.052,1.9966,5.505,0,155.016,1.701152,110.008,2.108,4716.7824,4.8,5.771572,5.875
6,8.16864,0.058148,3216.3368,1.38744,8.4662,123.0163821,20.576944,404.588,65.004,1.9986,5.505,0,155.032,1.700804,109.716,2.116,4520.7848,4.8,5.772244,3.0625
6,8.257,0.0453,3038.08,1.419,7.969,122.078706,21.5513,369.5,63.5,2.3047,5.505,0,155.8,1.709,119,2.3,13.678,4.8,5.814,0.2625
6,8.257745,0.045298,3039.1275,1.418925,7.96845,122.0850699,21.549668,369.439,63.502,2.3033995,5.505,-8.88E-17,155.798,1.708919,118.92,2.3,13.67381,4.8,5.8138685,1.3
6,8.2719,0.04526,3059.03,1.4175,7.958,122.2059847,21.51866,368.28,63.54,2.27869,5.505,0,155.76,1.70738,117.4,2.3,13.5942,4.8,5.81137,4.375
6,8.2719,0.04526,3059.03,1.4175,7.958,122.2059847,21.51866,368.28,63.54,2.27869,5.505,0,155.76,1.70738,117.4,2.3,13.5942,4.8,5.81137,4.0625
6,6.5408,0.04222,2436.3,1.524,5.448,165.1391054,11.16122,310.66,64.78,1.48588,4.605,0,146.72,1.55036,161.4,2.3,30.7304,4.8,1735.44254,2.5
6,6.52292,0.042268,2411.16,1.5258,5.4612,164.986371,11.200388,312.124,64.732,1.517092,4.605,0,146.768,1.552304,163.32,2.3,30.83096,4.8,1735.445696,2
5.357142857,10.08357143,0.082285714,4976.357143,5.15,13.16785714,99.81867,17.302,589.0714286,72.07142857,2.759857143,5.785714286,0,158.1428571,1.7265,149.0714286,2.857142857,22.2,5.142857143,5.643142857,0.825
5.357142857,10.08642857,0.08204,4974.071429,5.149842857,13.15314286,99.84791779,17.30122143,587.8457143,72.03428571,2.755942857,5.7855,0,158.1557143,1.726472857,149.1442857,2.857142857,22.08085714,5.142857143,5.643897143,2.85
6,9.754,0.0651,4503.9,4.739,11.859,99.964848,17.08,515.7,65.9,2.7356,5.52,0,165.9,1.8267,147.7,2.9,20.82,4.8,6.3265,0.175
6,9.755,0.065014,4503.1,4.738945,11.85385,99.97508472,17.0797275,515.271,65.887,2.73423,5.519925,-8.88E-17,165.9045,1.8266905,147.7255,2.9,20.7783,4.8,6.326764,0.1875
5.825,8.3364,0.044095,3080.12,1.3373,8.82625,121.663171,21.365065,453.985,65.635,1.868075,5.7375,0,150.06,1.631155,128.245,1.755,31.1935,5.005,5.06282,11.5
5.7,9.955525,0.04777,4242.7325,4.7993,11.941875,99.513236,17.16179,530.8225,65.3475,2.309825,5.7375,1.11E-16,161.7725,1.763105,180.7325,2.3925,88.30225,5.0175,5.660495,12.125
5.775,9.95155,0.04744,4230.365,4.7996,11.92875,99.4661345,17.05913,530.095,65.145,2.3054,5.7375,0,161.87,1.766435,180.365,2.385,53.812,5.01,5.67164,12.75
5.8,9.950225,0.04733,4226.2425,4.7997,11.924375,99.450434,17.02491,529.8525,65.0775,2.303925,5.7375,0,161.9025,1.767545,180.2425,2.3825,42.31525,5.0075,5.675355,10
5.75,9.952875,0.04755,4234.4875,4.7995,11.933125,99.481835,17.09335,530.3375,65.2125,2.306875,5.7375,0,161.8375,1.765325,180.4875,2.3875,65.30875,5.0125,5.667925,10
5.874,9.946695,0.047154,4215.733,4.80031,11.90898,99.39981559,16.9276505,528.841,64.9085,2.301788,5.738575,0.0005,161.976,1.770585,179.7915,2.3765,7.92135,5.0005,5.684659,4.375
5.875,9.933575,0.0469125,4207.3175,4.798025,11.89835,99.36889608,16.960595,527.5575,64.8675,2.3027125,5.735875,-0.0025,161.89,1.770045,179.525,2.375,7.823075,4.9975,5.6805675,4.1875
5.871,9.94073,0.048896,4215.699,4.8059,11.92475,99.3349137,16.9113,530.995,64.967,2.299212,5.7381,0,161.868,1.769313,180.565,2.377,7.8346,5.004,5.67743,5
5.87,9.948775,0.047075,4221.315,4.79925,11.91075,99.390944,16.9385,529.3575,64.9775,2.29548,5.7375,0,161.93,1.7696175,179.715,2.3775,7.90925,5.0025,5.6810725,6.75
5.672,7.62936,0.04932,2605.368,1.26032,8.4952,116.748075,20.461768,441.944,63.6,1.554576,5.57,0,150.376,1.6402,112.744,2.284,83.55912,4.816,5.21148,3.5
5.8,5.824,0.0464,1902.6,1.368,5.981,159.081646,9.8478,385.8,64.4,0.7424,4.67,0,141.2,1.4876,156.6,2.3,27.186,4.8,1734.8424,0.175
4.5,7.08,0.0638,3256.3,1.924,6.4725,178.554455,10.3427,364.8,77.2,0.8631,5.06,0,125.8,1.2538,156.2,2.1,27.87,5.6,2022.0535,3.25
7.5,6.24,0.02,1951.5,1.1,4.2475,153.760215,11.4575,237,53,1.6925,4.15,0,167,1.821,141,2.5,32.25,4,1448.7895,0.1125
7.5,5.73,0.0155,1694.5,0.82,1.3,143.62816,53.597,178,54,2.5955,3.7,0,146.5,1.7405,95.5,2,14.5048,4,933.2895,0.25
2.777777778,112.4447667,0.097197778,2280.933111,2.7701,1.827333333,154.2871647,18.97857944,211.6588889,91.71555556,-0.886833333,4.380555556,-0.444444444,90.44666667,1.129562778,161.015,2.056666667,2696.653311,5.333333333,2.406593333,3.05
4.5,5.9532,0.08054,2842.164,1.5032,3.402,163.7867764,68.21112,364.44,80.52,2.0473,4.43,8.88E-17,96.46,1.15502,104.18,1.08,7842.93072,5.6,1300.32662,0.9125
4.5,5.9016,0.08342,2835.372,1.4996,3.534,163.7139262,68.07026,374.72,80.76,2.0373,4.43,0,96.38,1.15676,105.64,1.04,8822.91872,5.6,1300.32326,0.75
3.545454545,93.12,0.101376364,2667.727273,2.753586364,2.669681818,150.2044198,18.21657045,295.0645455,87.62454545,-0.503518182,4.240840909,-0.363636364,97.54954545,1.204991364,152.4777273,2.318181818,10.26932727,5.090909091,2.771058182,1
5.752,7.91624,0.042386,2760.498,1.23684,8.4081,118.5241156,19.816408,428.912,63.156,1.992592,5.57,0,153.758,1.676288,97.88,2.488,37.7128,4.806,5.403486,5
5.72,7.9244,0.04251,2771.31,1.2374,8.4135,118.599478,19.89828,429.12,63.26,1.99432,5.57,0,153.73,1.67488,98.6,2.48,56.108,4.81,5.40021,3.9125
5.8,6.16273,0.039323,2106.3,1.3466,5.9017,161.2342474,9.375329,372.228,64.216,1.222271,4.67,0.001,144.773,1.522564,142.441,2.499,27.3394,4.801,1735.040046,1.075
5.72,6.1784,0.03951,2127.63,1.3454,5.9145,161.40532,9.57348,372.72,64.46,1.22752,4.67,0,144.73,1.51948,144.2,2.48,73.328,4.81,1735.03401,4.175
5.672,9.48464,0.045696,3883.848,4.56224,11.3916,97.3732216,15.821688,502.032,62.816,2.413912,5.57,0,165.088,1.804768,149.48,3.068,83.3408,4.816,5.986896,8.125
4.5,5.5034,0.08163,2144.1,1.5415,2.84,159.5685915,68.20503,419.76,78.03,2.12293,4.4585,-8.88E-17,96.53,1.15744,85.85,0.83,3.15592,5.6,1300.3231,0.175
3.545454545,92.89024545,0.097305909,2164.8,2.748159091,1.973181818,149.7706993,17.62789227,282.9436364,85.00136364,-0.753444091,4.240840909,-0.363636364,98.09227273,1.211051818,153.925,2.046818182,2.786927273,5.090909091,2.804345455,1
2.2,5.158,0.245,3562.8,2.684,2.5024,139.562794,20.3322,154.2,92.2,-0.3314,4.73,0,89.6,1.0984,137.2,2.1,1.16168,4.8,1.8312,1.875
5.4,4.98811,0.215202,3079.2882,3.08031,5.7137,140.7490053,15.0762935,589.587,81.346,-0.1638,3.9825,0,96.918,1.2128085,172.4715,2.459,7132.25933,4.8,2.037856,0.9375
5.4,4.779305,0.242951,2788.7941,3.046155,4.90155,138.4933356,15.31814675,518.5935,85.248,-0.24015,4.04375,0,95.084,1.16202925,166.83575,2.2795,3564.90728,4.8,1.954078,2.0625
5.4,5.13187,0.227384,3320.1894,3.06627,5.4565,141.9966018,14.1199645,535.829,84.582,-0.47525,4,0,96.806,1.1806695,179.4905,2.303,9726.54918,4.8,2.035852,1.125
3.75,8.8404,0.11378,4303.898,1.9509,11.7695,130.3532976,21.244465,593.18,84.69,1.49175,6.4125,0,125.77,1.327565,120.885,1.51,12010.103,6,3.28609,5.5
3.75,8.83395,0.11414,4303.049,1.95045,11.786,130.3441913,21.2268575,594.465,84.72,1.4905,6.4125,-1.11E-16,125.76,1.3277825,121.0675,1.505,12132.6015,6,3.28567,4.75
3.75,10.7754,0.11753,5674.298,6.1059,15.482,103.6791726,15.995215,683.93,83.94,2.013,6.4125,0,140.02,1.492565,183.135,2.26,12009.653,6,4.02559,11.125
3.75,10.76895,0.11789,5673.449,6.10545,15.4985,103.6700663,15.9776075,685.215,83.97,2.01175,6.4125,-1.11E-16,140.01,1.4927825,183.3175,2.255,12132.1515,6,4.02517,5.5
4.666666667,6.267633333,0.13776,3977.366,2.713633333,7.438666667,164.7845642,9.069738333,603.1433333,81.31333333,-0.469833333,4.5,0,108.6733333,1.200855,188.8783333,1.836666667,16263.50193,5.333333333,963.68228,2.125
4.666666667,8.110533333,0.140373333,4945.730667,4.5012,10.444,129.1665867,12.50795333,672.24,80.25333333,0.190333333,5,0,120.0266667,1.360086667,190.8466667,2.18,16008.73827,5.333333333,3.10412,0.875
3.2,5.912,0.2268,3874.8,1.96,5.408,171.415948,75.8856,542.2,94,2.2236,4.79,0,75.2,0.916,92.6,1.1,20.80768,6.4,1484.4482,0.0375
4.666666667,6.02,0.370666667,5770,3.88,8.629333333,152.02268,10.078,868.3333333,86.66666667,-1.058666667,4.083333333,0,92,1.12,178.3333333,2.833333333,34.66853333,5.333333333,1.904333333,3.875
6.896871379,8.559478563,0.057451912,3757.797219,3.923499421,10.31303592,89.2478781,15.21657358,572.0683662,53.23406721,1.73293511,4.900984936,0.377752028,167.6303592,1.83061066,174.9779838,2.071263036,499.3290846,4.193511008,5.490195829,7.875
5.625,7.86875,0.0535,3184.75,1.535,8.31625,119.6744438,19.40325,384.375,67.375,1.429625,5.65625,0,142.625,1.539625,96.5,1.75,4.85,5,4.375875,6.25
5.625,6.05,0.050375,2514.25,1.6475,5.713125,164.2638625,8.64825,325.625,68.625,0.630875,4.71875,0,133.25,1.37775,144,1.75,22.7875,5,1806.07775,3.75
5.625,7.701125,0.05395,2949.0625,1.551875,8.44,118.2425584,19.77045,398.1,66.925,1.7222375,5.65625,0,143.075,1.55785,114.5,1.75,5.79275,5,4.4054625,5
5.625,5.882375,0.050825,2278.5625,1.664375,5.836875,162.8319771,9.01545,339.35,68.175,0.9234875,4.71875,0,133.7,1.395975,162,1.75,23.73025,5,1806.107338,2.825
5.625,9.313625,0.057075,4091.0625,5.014375,11.53375,96.01412088,15.396075,473.725,66.3,2.1566125,5.65625,0,154.95,1.69535,166.375,2.375,5.41775,5,5.0217125,3.625
6,6.87654,0.069473,2519.44,1.51795,8.2604,111.2412284,21.519163,451.076,64.403,1.676923,5.42985,0,137.503,1.513414,85.935,1.403,4.63182,4.8,4.03416,1.3
5.625,4.845,0.060625,1698,1.30375,2.35375,148.44025,60.57725,342.375,69.5,1.75675,4.175,0,107.25,1.287875,82.75,0.75,0.691,5,1161.68275,0.0375
5.625,4.848725,0.060475,1704.2325,1.302075,2.35325,148.5118992,60.63823,340.8975,69.5125,1.7662075,4.174625,-1.11E-16,107.2575,1.2879425,83.115,0.755,0.7163,5,1161.683095,0.0008625
4.857142857,73.78,0.085805714,2289.285714,2.49135,2.4885,140.4603389,15.344325,286.1014286,77.19571429,-0.631171429,3.971321429,-0.285714286,108.0778571,1.324415,144.1078571,2.071428571,6.417742857,4.571428571,3.096948571,3.3125
5.775,9.59405,0.04894,4103.99,4.81585,11.96625,96.96975825,16.00288,534.47,65.395,2.033775,5.7375,0,157.87,1.72206,177.115,2.135,50.4495,5.01,5.170765,11.25
5.8,4.64,0.0434,1392,1.058,2.504,142.928978,58.7252,322,66,1.3914,4.13,0,110.2,1.32,96.8,1.3,0.51176,4.8,1115.441,0.175
5.7952,8.548226,0.054797,3442.6158,4.610012,11.51057,90.96001216,14.2940438,521.7904,63.015,1.4933016,5.57,-8.88E-17,155.2066,1.703895,155.6654,2.4994,6.985742,4.8006,4.998908,9
2.292397661,117.7630292,0.08285731,1926.048889,2.705602339,1.125263158,157.7646023,19.2823,141.4245614,94.60701754,-1.042690058,4.461111111,-0.625730994,84.8619883,1.073411111,157.1269006,1.969005848,258.0619649,5.456140351,2.124718129,1.7625
4.5,5.68,0.0931,3115.4,1.567,4.436,158.277787,68.602,457.3,84,2.458,4.46,0,92.1,1.1094,79.7,1.2,17.01672,5.6,1299.8472,0.03375
5,5.45,0.081166667,2794.333333,1.453333333,3.938333333,154.1719317,65.397,413.6666667,79.16666667,2.299833333,4.333333333,0,98.5,1.185,80.16666667,1.166666667,14.3564,5.333333333,1238.420333,0.02125
3.545454545,92.86,0.102467273,2575.818182,2.765404545,2.696954545,148.3888734,17.44838864,298.2463636,87.80636364,-0.701063636,4.240840909,-0.363636364,94.64045455,1.172718636,150.1140909,2.136363636,7.823872727,5.090909091,2.406785455,2
5.8,4.422,0.0838,1429.6,0.992,2.564,141.137028,58.6036,284.2,66.2,1.8254,4.13,0,102.6,321.3252,83.8,1.1,0.43836,4.8,1114.9792,0.175
5.275,7.62425,0.0490125,2715.7875,1.3105,8.971875,116.2308013,18.801225,469.775,66.325,1.6384,5.7375,0,144.5375,1.5616,94.25,2.225,62.2975,5.0125,4.3923875,9.375
5.295,9.23165,0.05206,3851.03,4.77265,12.06225,93.95526225,14.37568,545.27,65.635,2.071695,5.7375,0,156.43,1.69998,145.675,2.855,50.4255,5.01,5.010685,11.75
5,5.026666667,0.073666667,1867.666667,1.443333333,2.655,153.3727817,64.31233333,391.3333333,74.33333333,1.839333333,4.333333333,0,99.5,1.196166667,82.83333333,0.666666667,0.569733333,5.333333333,1238.481667,0.125
3.545454545,92.63024545,0.098396818,2072.890909,2.759977273,2.000454545,147.9551529,16.85971045,286.1254545,85.18318182,-0.950989545,4.240840909,-0.363636364,95.18318182,1.178779091,151.5613636,1.865,0.341472727,5.090909091,2.440072727,1.25
5,6.174218182,0.249221818,4777.985455,3.6324,6.608181818,149.1820522,11.77197455,703.5018182,79.55272727,-0.591083636,3.986363636,-0.007272727,98.86545455,1.19448,204.4254545,2.86,20.1876,5.090909091,2.190629091,1.625
2.1,4.3270745,0.5648998,2516.60475,3.7379925,8.346345,130.5701824,19.1718368,924.1939,91.4002,-0.05343005,3.795,0,82.8998,1.0156919,154.092,2.3,1151.999261,4.8,1.65238685,0.9625
3.75,9.602375,0.0803875,4232.1375,3.069375,11.341875,121.5543121,22.4328875,518.9125,80.6125,2.3623,6.4125,-1.11E-16,131.2625,1.385975,156.5625,2.1875,7.12775,6,3.5745875,5.625
3.75,10.086125,0.081325,4574.7375,4.108125,12.27,114.8857809,21.120575,541.6,80.425,2.4926125,6.4125,-1.11E-16,134.825,1.427225,172.125,2.375,7.01525,6,3.7594625,7.25
3.75,10.569875,0.0822625,4917.3375,5.146875,13.198125,108.2172496,19.8082625,564.2875,80.2375,2.622925,6.4125,-1.11E-16,138.3875,1.468475,187.6875,2.5625,6.90275,6,3.9443375,2.75
4.666666667,9.118133333,0.097876667,4118.96,2.300766667,10.38433333,120.2148906,22.76321667,575.0366667,74.35333333,2.32353,6.016666667,0.333333333,132.32,1.405503333,159.5033333,2.163333333,7.534733333,5.666666667,3.430716667,9.3125
3.75,9.1018625,0.079495,3865.96875,2.0323125,10.426125,128.0796548,23.78192,497.5975,80.755,2.26124875,6.4125,0,127.745,1.3465475,142.8,2,7.334525,6,3.39267125,7.625
3.75,9.118625,0.07945,3889.5375,2.030625,10.41375,128.2228434,23.7452,496.225,80.8,2.2319875,6.4125,-1.11E-16,127.7,1.344725,141,2,7.24025,6,3.3897125,9.125
3.75,9.13725,0.0794,3915.725,2.02875,10.4,128.3819418,23.7044,494.7,80.85,2.199475,6.4125,0,127.65,1.3427,139,2,7.1355,6,3.386425,9.25
3.75,9.100745,0.079498,3864.3975,2.032425,10.42695,128.0701089,23.784368,497.689,80.752,2.2631995,6.4125,-1.11E-16,127.748,1.346669,142.92,2,7.34081,6,3.3928685,7
3.75,6.33875,0.0685,2935.125,1.72875,2.745,167.9639488,73.68125,323.5,84.25,2.335375,4.6125,0,85.25,1.0115,111.75,1.25,1.2047,6,1392.152375,0.5625
3.75,6.9175,0.07575,3058.75,2.1675,7.30375,181.5710475,10.88,427.25,82.25,1.306,5.2875,0,116.5,1.1525,200,2,28.87,6,2165.43525,4.25
3.75,6.95475,0.07565,3111.125,2.16375,7.27625,181.8892443,10.7984,424.2,82.35,1.240975,5.2875,0,116.4,1.14845,196,2,28.6605,6,2165.428675,6.125
3.75,6.936125,0.0757,3084.9375,2.165625,7.29,181.7301459,10.8392,425.725,82.3,1.2734875,5.2875,-1.11E-16,116.45,1.150475,198,2,28.76525,6,2165.431963,6
3.75,6.18975,0.0689,2725.625,1.74375,2.855,166.6911618,74.00765,335.7,83.85,2.595475,4.6125,0,85.65,1.0277,127.75,1.25,2.0427,6,1392.178675,0.275
3.75,6.1525,0.0690063,2673.314725,1.74741975,2.8822975,166.3741896,74.08859832,338.757575,83.7506,2.660199175,4.6125,1.11E-16,85.749625,1.0317458,131.7368,1.25,2.2552015,6,1392.185226,0.25
3.75,6.1525,0.071226,2696.1195,1.719145,2.81095,166.8056708,73.8589915,341.4265,83.962,2.5542085,4.6125,0,85.6175,1.030266,127.086,1.25,3.31273,6,1392.176691,0.03375
2.294117647,4.071808529,0.565117529,2328.473382,3.578230882,8.314085294,127.7002385,18.60202165,913.5258235,89.47070588,-0.110311794,3.776470588,0,82.64694118,95.15746582,145.3482353,2.264705882,1129.062754,4.705882353,1.609992265,0.1625
4.8,5.2555,0.44535,3849.75,3.936,7.5108,155.553573,16.3067,783.4,87.75,0.34895,4.1525,-0.5,88.15,1.08385,261.55,3.05,0.73846,5.6,1.854,0.09375
5,5.635,0.3315,3785.833333,3.74,6.429333333,152.33346,15.466,692.3333333,82.16666667,0.222166667,4.058333333,-0.333333333,94.5,1.150833333,251.8333333,3,1.6902,5.333333333,2.082,1.375
5.203883495,7.086375405,0.149666667,3562.313916,2.947346278,6.105177994,103.0277994,10.53040129,597.4660194,72.96763754,1.363556634,4.743203883,0.087378641,125.1812298,1.362695793,174.5533981,2.205501618,14.55346278,5.265372168,936.1176019,0.08125
5.4,5.46098,0.142192,3009.19,3.2337,5.4182,141.4505937,15.810872,633.756,71.408,0.360998,3.9,0,102.192,1.297276,192.08,2.9,7.22092,4.8,2.289274,0.1125
6,6.551,0.0816,2493.58,1.606,8.342,106.267163,27.1112,466.8,64.7,2.1459,5.34,0,124.6,1.3856,79.7,1.4,4.27,4.8,3.1338,0.975
6,6.55554,0.081473,2497.54,1.60595,8.3394,106.2924314,27.117163,466.076,64.703,2.145923,5.33985,0,124.603,1.385514,79.735,1.403,4.26932,4.8,3.13396,1.55
7.5,3.89625,0.299,3282,2.92375,4.40825,118.3765375,22.848375,606.5,61.625,0.567,3.175,-0.25,95.875,1.214125,183.5,2.25,2.580775,4,1.924125,3.75
6.2,4.832,0.0504,1735.2,1.21,2.452,140.341536,66.4414,322.6,66,2.4136,3.95,0,99,1.211,97.2,0.9,0.27476,4.8,1114.703,0.2
5.375,8.51625,0.07125,3535.5,4.88875,12.21625,86.5760275,19.04425,576.25,65.875,1.8245,5.625,0,142,1.5575,154.375,2.625,3.988125,5,4.099625,11.25
4.760823279,72.81731725,0.08902626,1747.090135,2.484996451,2.302058197,132.7274612,19.98714833,305.0383251,74.70404542,-0.636682044,3.872001419,-0.264017033,96.29240596,1.199699077,146.8892832,2.222498226,0.098516678,4.562100781,2.248791341,0.7375
2.777777778,112.1625444,0.102531111,2206.544222,2.816211111,1.874,151.1680003,20.40891278,220.0477778,91.93777778,-0.848388889,4.330555556,-0.444444444,84.22444444,1.064618333,156.3483333,1.945555556,2695.0447,5.333333333,1.886426667,0.325
5,5.663333333,0.0965,2759.066667,1.895,7.341666667,164.4575033,13.64566667,454.3333333,75.83333333,1.033333333,4.758333333,0,113.3333333,1.168,151.8333333,1.5,8190.340833,5.333333333,1924.921,4.5
5,5.749333333,0.0917,2770.386667,1.901,7.121666667,164.5789203,13.88043333,437.2,75.43333333,1.05,4.758333333,0,113.4666667,1.1651,149.4,1.566666667,6557.0275,5.333333333,1924.9266,8.075
7.5,6.5825,0.17725,4091,2.1625,20.3975,42.74863,24.74025,374.75,69.25,2.45725,5.05,0,126.75,1.50625,67.25,1.75,54.36125,4,2.57175,0.55
5.375,7.32125,0.059125,2641,1.39625,9.0225,111.47355,22.819875,483.625,66.25,1.991125,5.625,0,134.625,1.46425,84.75,2.25,4.555625,5,3.733125,4
5.375,8.93375,0.06225,3783,4.85875,12.11625,89.2451125,18.4455,559.25,65.625,2.4255,5.625,0,146.5,1.60175,136.625,2.875,4.180625,5,4.349375,7.5
4.125,5.512135,0.232866,3983.1837,3.3085675,11.368275,143.0721049,13.737811,723.818,88.7455,-0.41872,4.1111125,0,94.92125,1.155254,161.272,2.4815,494.84975,5,2.07608,2.5
3.75,10.871,0.122548,6006.43,6.155365,16.12645,100.7872026,17.2859925,743.697,86.359,2.56791,6.438225,0,139.1565,1.4810335,161.9785,2.6,3694.0581,6,3.963598,9.8
3.75,10.466,0.117117,5182.1,6.166835,15.07705,98.64482768,16.7172825,747.763,82.386,2.332865,6.449775,-1.11E-16,139.8135,1.4876965,155.3765,2.225,11.0489,6,3.999942,8.5125
3.545454545,5.212727273,0.261285455,3484.545455,3.301768182,12.96877273,142.9809143,14.31275227,691.3372727,91.53363636,-0.5777,4.195386364,0,91.64045455,1.121445909,165.6595455,2.318181818,46.32750909,5.090909091,2.005330909,1.2
4.125,5.5176,0.2331164,4001.045,3.3112445,11.401985,142.9174424,13.80797275,726.9571,88.8737,-0.388887,4.1124925,0,94.87545,1.15462405,160.12755,2.5,42.37258,5,2.0727764,2.775
4.125,5.5169,0.23301725,3998.6525,3.310575,11.397275,142.9196531,13.806694,726.581,88.85825,-0.39048875,4.112425,-0.00025,94.88175,1.15468025,160.158,2.5,42.3350075,4.99975,2.07330275,4.85
5.4,5.00477,0.248477,3342.5258,3.070102,5.75086,137.6444854,16.4059984,553.715,88.4376,0.211602,4.05461,0,94.2734,1.1523444,156.9212,2.6474,12.47117,4.8,1.9004156,2.125
5.4,5.0035625,0.24835625,3338.99875,3.0692625,5.741775,137.6719299,16.426565,552.88125,88.41,0.212775,4.0544375,0,94.28375,1.1524525,157.1075,2.64625,12.38768,4.8,1.9009975,2.5
5.4,5.005925,0.2485925,3345.8995,3.070905,5.75955,137.6182341,16.386326,554.5125,88.464,0.21048,4.054775,0,94.2635,1.152241,156.743,2.6485,12.55103,4.8,1.899859,1.55
5.4,5.24442,0.23316388,3707.264,3.1239769,6.204237,138.6292494,15.62688555,605.21982,87.39454,0.1714246,4.0299685,0,95.80189,1.16719601,154.81071,2.7,16.830766,4.8,1.96371088,1.425
3.2,4.934,0.44308,3620,3.5989,8.7234,134.3330605,16.82695,924.82,90.34,-0.0456,3.8485,0,88.49,1.07661,138.51,2.5,783.36768,4.8,1.79468,1.5
3.2,4.9119,0.44459,3629.866,3.59854,8.8106,134.1760555,16.868168,931.95,90.552,-0.01616,3.8497,0,88.418,1.076988,138.324,2.498,784.05648,4.8,1.790412,0.9125
3.75,8.9763,0.1211732,4784.06,2.022291,12.70793,126.1662496,23.1052145,680.1198,88.2006,2.294044,6.449715,0,124.5171,1.3109639,90.3469,2,25.94154,6,3.1962532,3.25
3.75,6.79225,0.1175565,3980.7,2.15737625,9.5921625,179.6576851,10.19963688,610.28475,89.72075,1.3376675,5.32483125,1.11E-16,113.260125,1.116728625,147.307375,2,47.531175,6,2165.238094,0.825
3.75,10.9325,0.1231,6137.5,6.176125,16.31125,99.70914313,17.8501875,761.775,87.175,2.78625,6.448125,-1.11E-16,138.8625,1.4757625,153.1375,2.75,24.6075,6,3.94135,12.25
3.75,10.9175,0.12439,6149.5,6.17695,16.3885,99.55559225,17.854275,768.21,87.37,2.8068,6.44925,0,138.795,1.475905,152.755,2.75,25.233,6,3.93739,14.375
4.666666667,7.43,0.148713333,4978.266667,2.749816667,10.05416667,135.4212791,17.322425,748.57,85.29,1.030766667,5.04975,0,112.015,1.264635,122.4183333,2.5,30.1286,5.333333333,2.655213333,0.875
4.666666667,6.46,0.147046667,4620.666667,2.809816667,8.665833333,159.2023024,11.586425,717.2366667,85.95666667,0.604766667,4.54975,0,107.015,1.178301667,147.7516667,2.5,39.69526667,5.333333333,963.56288,0.6875
4.666666667,8.293333333,0.150093333,5584.666667,4.5963,11.687,123.6002348,14.98851667,787.4733333,84.91333333,1.257866667,5.0495,-1.48E-16,118.3633333,1.337936667,150.17,2.833333333,29.7896,5.333333333,2.98476,0.0875
4.223333333,4.605133333,0.22002,2132.01,2.7013,10.80516667,134.3683687,12.51947667,563.4233333,78.08666667,-0.75756,4.058333333,0,101.31,134.5963267,162.2666667,2.493333333,44.03621667,4.67,2.475936667,0.5
4.692307692,4.427169231,0.348710769,2802.798769,3.095938462,6.640307692,129.4251977,16.91451692,724.8030769,76.50153846,-0.315615385,3.626923077,0,97.55076923,1.200963077,152.5446154,2.044615385,7978.084892,4.307692308,2.169901538,0.75
4.992857143,73.84180714,0.074174286,2056.177857,2.405685714,2.104964286,139.7025587,18.90592,272.355,74.59071429,-0.47015,4.007142857,-0.285714286,103.705,1.28454,163.3207143,1.929285714,3.573528571,4.572142857,2.722938571,2.5
2.777777778,112.2330278,0.099744444,2231.105,2.787472222,1.852388889,152.4410318,19.72522639,215.0638889,91.87222222,-0.90575,4.380555556,-0.444444444,85.95,1.083934722,159.2875,1.947222222,2654.238811,5.333333333,1.981566667,2.625
2.777777778,112.2308778,0.099864444,2230.822,2.787322222,1.857888889,152.4379964,19.71935722,215.4922222,91.88222222,-0.906166667,4.380555556,-0.444444444,85.94666667,1.084007222,159.3483333,1.945555556,2695.071644,5.333333333,1.981426667,1.3875
5,5.868333333,0.0885,2831.9,1.808333333,7.293333333,168.2674917,11.577,440.6666667,75.66666667,0.86,4.908333333,0,118.5,1.226166667,160.8333333,1.5,8190.421667,5.333333333,1925.206,0.3
5,5.954333333,0.0837,2843.22,1.814333333,7.073333333,168.3889087,11.81176667,423.5333333,75.26666667,0.876666667,4.908333333,0,118.6333333,1.223266667,158.4,1.566666667,6557.108333,5.333333333,1925.2116,4.925
7.492,7.06956,0.049269,2958.6545,3.93649,9.09025,83.67055349,23.2240805,380.205,53.027,2.5008195,4.902375,0.0015,143.536,1.6504095,129.673,2.002,5.66607,4.003,4.095108,6.5
7.5,7.06,0.049,2950.5,3.935,9.08,83.663415,23.229,379,53,2.505,4.9,0,143.5,1.6505,129.5,2,3.365,4,4.0945,10
4.857142857,4.854928571,0.191828571,2507.107143,2.943214286,9.280142857,135.4920262,16.35811429,494.4142857,76.02857143,-0.310007143,3.914285714,0,100.5428571,1.236985714,184.7142857,2.214285714,25.72888571,4.571428571,2.371407143,0.625
3.545454545,92.77,0.10574,2585.727273,2.781768182,2.719681818,147.1785079,19.42875227,301.3372727,87.89727273,-0.535154545,4.240840909,-0.363636364,90.18590909,1.130445909,149.7504545,2.136363636,7.681145455,5.090909091,2.075330909,0.75
4.666666667,8.176666667,0.156666667,5136.666667,1.61,5.873333333,170.36089,13.50566667,315,94,0.742,5.95,0,117.3333333,1.190666667,147.3333333,1.166666667,23.72366667,6,1925.011333,0.02875
3.8,5.756,1.1826,4172.6,3.44,15.2284,137.234932,17.3472,809.2,96.8,-0.8786,4.51,0,85.8,1.0672,150.2,1.7,0.03658,5.2,1.8248,0.095
4.666666667,7.836666667,0.153666667,4965.333333,1.423333333,3.908333333,163.6061867,41.59866667,275.6666667,94.66666667,1.344,5.65,0,103.6666667,1.137,117,0.833333333,11.89353333,6,1581.344667,0.2125
4.666666667,11.83666667,0.163333333,7070,5.183333333,11.95,99.08851,20.31166667,458.3333333,92,2.057333333,6.95,0,140,1.51,152,1.833333333,4.190333333,6,3.853333333,5
3,5.928333333,0.108666667,3570,2.546666667,1.376,152.9228717,13.80316667,201.1666667,98,-1.0575,4.883333333,-1.333333333,87,1.096666667,156.5,2,0.117033333,5.666666667,2.088333333,1.25
105,6.656666667,0.617666667,6441.666667,3.555,6.931,153.2159467,13.21833333,750.6666667,91.83333333,-1.1455,4.7,-0.333333333,91.33333333,1.119666667,229,1.833333333,3.097033333,5.666666667,1.927333333,0.0375
105,6.6491,0.61746,6434.038333,3.557783333,6.941816667,153.2296236,13.23228333,751.6716667,91.75166667,-1.13994,4.695333333,-0.331666667,91.35166667,1.119796667,229.2333333,1.836666667,3.115748333,5.665,1.928036667,0.03125
3.75,8.8625,0.0919,4093.7,1.871,10.6325,131.9239745,26.6558,493.85,82.15,2.36625,6.4125,1.11E-16,126.75,1.32885,125.2,1.8,7.41,6,3.32285,2.625
5.625,8.23875,0.05325,3352.25,1.515,8.26875,122.6366063,26.41675,378.125,67.125,1.668875,5.65625,0,146.125,1.582125,99,2,4.42,5,4.803875,4.25
6,7.622,0.0567,3045.48,1.497,7.965,116.112525,27.7203,374.4,64.5,1.8706,5.415,0,140.6,1.5389,91.4,1.9,4.2205,4.8,4.3924,4.125
6,5.876,0.0537,2401.8,1.605,5.466,158.918367,17.3955,318,65.7,1.1038,4.515,0,131.6,1.3835,137,1.9,21.4405,4.8,1734.0262,2.8875
6,7.47449,0.057096,2838.075,1.51185,8.0739,114.8524659,28.043436,386.478,64.104,2.128099,5.415,0,140.996,1.554938,107.24,1.9,5.05012,4.8,4.418437,4.125
6,7.17027,0.0693365,2651.46,1.501975,8.2237,113.5983242,27.1269815,446.438,64.2015,1.8683115,5.429925,-8.88E-17,140.3015,1.547457,87.9175,1.6015,4.28816,4.8,4.37648,2.875
6,8.71827,0.0723365,3747.78,4.825975,11.1937,92.25902418,22.9275815,519.038,63.6015,2.2853115,5.429925,-8.88E-17,151.7015,1.679457,137.7175,2.2015,3.92816,4.8,4.96808,1.375
7.5,5.04,0.021,1524,0.845,1.355,139.56698,63.399,183,54.5,1.9875,3.7,0,137.5,1.648,87.5,1.5,0.1948,4,932.142,0.2125
4.5,8.513568,0.0943776,3911.89616,1.770528,10.58964,127.1449612,23.0781428,524.3256,78.0648,1.5459,6.11,0,133.7784,1.4322948,114.5692,1.6392,8844.40976,5.6,3.8875928,7
4.5,8.4888,0.09576,3908.636,1.7688,10.653,127.1099931,23.01053,529.26,78.18,1.5411,6.11,-8.88E-17,133.74,1.43313,115.27,1.62,9314.804,5.6,3.88598,6.875
3.545454545,92.99454545,0.102376364,2636.727273,2.758131818,2.679681818,149.4660234,19.99875227,295.9736364,87.71545455,-0.614063636,4.240840909,-0.363636364,95.91318182,1.188173182,151.0231818,2.227272727,7.667509091,5.090909091,2.562421818,0.1625
3.545454545,92.76479091,0.098305909,2133.8,2.752704545,1.983181818,149.0323029,19.41007409,283.8527273,85.09227273,-0.863989545,4.240840909,-0.363636364,96.45590909,1.194233636,152.4704545,1.955909091,0.185109091,5.090909091,2.595709091,0.875
5.4,4.522,0.1806,2352,3.12,6.5744,136.957042,17.8502,757.8,71.8,0.7638,3.93,0,97.2,1.3104,152.4,2.9,10.88168,4.8,2.0416,0.9625
3.904761905,74.36964286,0.085178571,2419.095238,2.58,2.630619048,146.2763327,19.4300119,329.2857143,80.66666667,-0.591059524,4.211904762,-0.226190476,100.297619,1.213333333,147.6309524,2.535714286,0.277771429,5.011904762,90.80935714,0.0425
5.714285714,4.579614286,0.229318571,2284.714286,2.703714286,4.426142857,132.8539848,15.82004143,447.04,81.88,0.112244286,4.007142857,0.001428571,100.8185714,1.224377143,156.0585714,2.784285714,0.238742857,4.572857143,2.26778,0.4875
4.533333333,8.937333333,0.057516667,3569.316667,3.235666667,11.4525,107.0848433,17.45646667,566.2,70.43333333,2.0012,6.016666667,0,146.2166667,1.564466667,123.3333333,2.8,81.38,5.35,4.377016667,5.875
4.533333333,7.967333333,0.05585,3211.716667,3.295666667,10.06416667,130.8658667,11.72046667,534.8666667,71.1,1.5752,5.516666667,0,141.2166667,1.478133333,148.6666667,2.8,90.94666667,5.35,965.2846833,8.75
4.666666667,9.763333333,0.058666667,4133.333333,5.08,13.08,94.91566667,14.78233333,605.6666667,69.66666667,2.225666667,6.016666667,0,152.6666667,1.643666667,148,3.166666667,4.533333333,5.333333333,4.719333333,4.75
4.533333333,9.797333333,0.059183333,4178.383333,5.082333333,13.1025,95.22967667,15.12346667,606.5333333,70.1,2.232866667,6.016666667,0,152.55,1.6378,151,3.133333333,81.18,5.35,4.705683333,15
4.506666667,9.804133333,0.059286667,4187.393333,5.0828,13.107,95.29247867,15.19169333,606.7066667,70.18666667,2.234306667,6.016666667,0,152.5266667,1.636626667,151.6,3.126666667,96.50933333,5.353333333,4.702953333,14.375
4.6,9.780333333,0.058925,4155.858333,5.081166667,13.09125,95.07267167,14.9529,606.1,69.88333333,2.229266667,6.016666667,0,152.6083333,1.640733333,149.5,3.15,42.85666667,5.341666667,4.712508333,13
4.666666667,9.767533333,0.058695,4140.05,5.0798,13.079,94.92834167,14.80446667,605.7466667,69.73333333,2.222723333,6.016666667,0,152.63,1.642981667,148.1116667,3.163333333,4.589666667,5.335,4.716826667,4.8
5.125,7.915,0.150125,5218.8,1.8625,7.018125,163.7666813,21.028125,449.875,73.875,0.873625,5.41875,0,120.75,1.223625,151.375,1.25,6148.0375,5.5,1804.874,6.625
4.666666667,7.82,0.214222222,5465.555556,2.066666667,8.005555556,168.1000089,19.70266667,520.1111111,78.66666667,0.973333333,5.527777778,0,116.4444444,1.164222222,147.2222222,1.5,35.97777778,5.777777778,1924.880333,3.025
5.148125078,8.061052697,0.132981313,5011.058303,1.911821353,6.33885636,162.3230745,22.27675121,403.0834683,71.72555126,1.256573689,5.41010963,0.010090943,121.8939828,1.234560733,162.0918151,1.506727295,24.07762053,5.491590881,1798.868334,9.5
5.6,6.88054,0.131873,4073.36,1.81595,6.1454,154.0135764,21.802563,442.676,68.603,1.154323,5.08985,0,118.903,1.226014,130.135,1.203,22.11182,5.2,1732.72176,3.8125
5.6,6.88962,0.131619,4081.28,1.81585,6.1402,154.0641131,21.814489,441.228,68.609,1.154369,5.08955,0,118.909,1.225842,130.205,1.209,22.11046,5.2,1732.72208,3.25
4.666666667,7.518888889,0.185666667,4709.555556,2.045555556,6.961111111,167.3463944,20.39266667,479,78.77777778,1.049777778,5.511111111,0,116.5555556,1.166666667,145.3333333,1.388888889,24.44266667,5.777777778,1924.89,6.35
5.4,7.002,0.1142,3898,1.584,6.425,155.05395,18.766,440.8,67.8,0.552,5.23,0,125.2,1.2846,150,1.7,22.066,5.2,1733.0948,3.825
5.125,8.6925,0.0895,4055.5,1.4275,9.195,115.97436,25.1755,499.125,67.875,1.785625,6.0875,0,138.625,1.4835,91.125,2.125,4.975,5.25,3.81125,4.7
5.125,10.305,0.092625,5197.5,4.89,12.28875,93.7459225,20.801125,574.75,67.25,2.22,6.0875,0,150.5,1.621,143,2.75,4.6,5.25,4.4275,8.75
5.4,5.174,0.153,2912,3.308,4.8664,140.877042,10.0938,751,71.4,-1.081,3.93,0,104.4,1.2544,154.4,1.7,0.51368,4.8,2.3688,1.935
4.125,4.883635,0.22184325,2612.115,3.2962375,9.47685,141.7240108,12.18249075,693.319,81.62575,-1.07949425,4.1124625,0,96.37575,1.1713535,164.13375,1.75075,21.69658,5,2.16479,2.925
5.4,4.62705875,0.2419775,2517.434875,3.06274875,4.616325,136.8739494,15.392447,535.278375,84.151875,-0.204081375,4.05494375,0,95.151125,1.162160125,158.95475,2.20075,0.255725,4.8,1.95435175,2
2.612903226,4.221935484,0.544935484,2326.516129,3.509677419,8.235225806,128.5597142,18.42,933.4193548,87.96774194,-0.224258065,3.769354839,0,88.25806452,1.076451613,145.516129,2.048387097,1114.136465,4.64516129,1.953677419,0.175
3.75,8.34885,0.1099325,3407,2.007375,10.796,124.9917959,21.4941575,646.44,81.0075,1.6085575,6.449625,-1.11E-16,126.0075,1.327535,94.3375,1.2575,5.4183,6,3.28765,2.5
3.75,6.16635,0.1061825,2602.4,2.142375,7.67225,178.4990984,8.5881575,575.94,82.5075,0.6500575,5.324625,-1.11E-16,114.7575,1.133285,151.3375,1.2575,26.9433,6,2165.3299,1.0875
4.2,5.14758,0.224656,3360.2296,2.95318,4.2733,140.9448895,15.948043,419.486,85.788,-0.4969,4.265,0,95.054,1.159013,160.477,2.152,4851.52458,4.8,2.000768,5.5
3.75,10.2952,0.113365,4787.3,6.16225,14.502,98.38084175,16.259815,735.38,80.265,2.129865,6.44925,0,140.265,1.49232,156.675,2.015,4.9666,6,4.02755,12.325
6.5,8.9577,0.197365,4624.8,5.56475,13.497,80.42934175,12.482815,1087.38,61.515,1.465615,5.29925,1,147.515,1.59507,137.175,1.515,3.7366,5,3.7913,0.4375
4.666666667,7.455133333,0.135243333,3749.866667,4.5765,9.146,122.0179178,12.84087667,743.2533333,75.34333333,0.346076667,5.0495,-1.48E-16,120.3433333,1.360046667,155.45,1.843333333,2.492,5.333333333,3.1062,0.625
105,5.603333333,0.645666667,5738.833333,3.441666667,7.342666667,149.350135,10.77383333,766,81.83333333,-1.097166667,4.483333333,-0.333333333,86.16666667,1.060333333,230.8333333,2.166666667,3.251866667,7,1.675166667,1.1625
3.538461538,4.307484615,0.40071,2131.153846,2.872769231,6.160846154,135.2147687,30.01356077,653.3292308,89.93538462,0.586900769,4.057692308,0.000769231,86.90230769,1.062356923,130.4930769,2.191538462,590.4381538,4.923846154,286.9941892,0.03
4.666666667,4.466083333,0.442858333,2229.833333,2.841666667,7.288833333,116.7747379,30.66524167,785.7333333,81.3,1.035091667,3.875,0.508333333,98.94166667,1.178533333,117.3416667,2.325,639.7363667,4.508333333,311.0742167,0.02125
3.545454545,5.155281818,0.25016,3057.923455,3.263354545,12.05972727,145.6468978,13.38015636,611.9654545,88.30545455,-1.032593636,4.168181818,0,92.89090909,1.136943636,191.8327273,2.041818182,6802.386018,5.090909091,2.089113636,4.1875
5.714285714,7.85,0.199428571,5564.714286,1.53,5.931428571,151.8073857,22.98028571,362.1428571,66.85714286,1.054571429,5.535714286,0,118.4285714,1.21,135.8571429,1.357142857,21.41428571,6.571428571,1650.171857,1.25
4.800359982,5.043860307,0.236911104,3313.158242,3.025257237,5.011949403,138.312937,16.36663182,501.0175991,87.10464477,-0.052895055,4.167281636,5.00E-05,94.55832208,1.313905755,152.7581621,2.425753712,8.677475776,4.799810009,1.941432728,3.55375
4.6004,5.0975515,0.23374315,3393.25355,3.010768,4.8891705,138.6370404,16.4768754,485.2775,87.1302,-0.09369825,4.20474,-1.00E-04,94.5568,1.3133759,151.23805,2.4008,8.74443965,4.7999,1.9492811,3.5925
4.4004,5.1513015,0.23059315,3473.47855,2.996268,4.7664205,138.9562839,16.5878254,469.5275,87.1552,-0.13439825,4.24224,-1.00E-04,94.5568,1.3128509,149.71305,2.3758,8.81111465,4.7999,1.9571311,2.56875
4.200789961,5.20499475,0.227467877,3553.660767,2.981788411,4.643963302,139.2699812,16.69924329,453.8014599,87.17959102,-0.174907555,4.279701015,5.00E-05,94.55832208,1.312331883,148.1864407,2.35080746,8.877357432,4.799810009,1.964965852,0.28875
4.2,5.157966,0.22424695,3366.13594,2.9534095,4.2589,140.9850119,15.967714,417.6605,85.77225,-0.49604395,4.2647975,0,95.06465,1.15875335,160.4038,2.15935,4770.674652,4.8,2.0012612,4.7375
4.2,5.281537,0.2264362,3636.62994,2.9563285,4.633505,141.2182838,16.2843282,424.1796,87.1831,-0.361624,4.2647975,0,94.77275,1.1554938,159.6254,2.3053,4774.69898,4.8,1.983358,4.425
4.666666667,6.10398,0.052059333,2201.66,1.506806667,7.004233333,166.193322,7.976265,462.434,71.67466667,0.909743667,5.016666667,0.000333333,129.9913333,1.324217,143.4703333,2.499666667,26.03293333,5.333666667,1925.876562,4.125
4.666666667,6.106566667,0.052296667,2208.3,1.507366667,7.007833333,166.2144235,7.975991667,462.8366667,71.70666667,0.907385,5.016666667,0.001666667,129.9566667,1.323751667,144.0183333,2.498333333,33.898,5.335,1925.873477,3.5
4.666666667,6.1098,0.052593333,2216.6,1.508066667,7.012333333,166.2408003,7.97565,463.34,71.74666667,0.904436667,5.016666667,0.003333333,129.9133333,1.32317,144.7033333,2.496666667,43.72933333,5.336666667,1925.86962,3
6.90912,6.9559328,0.10139872,3483.61496,1.4218744,5.9488224,127.2597285,15.00328312,340.00328,60.55744,2.1223788,4.613936,0.62424,146.90312,1.61808632,144.42304,2.52424,20.4223448,4.34544,1158.143007,3.54375
5.583333333,4.757695833,0.219828333,2485.035417,2.8898125,4.432625,135.015789,16.15625333,457.1808333,81.755,-0.07725125,4.004166667,0,98.32833333,1.197880833,178.8,2.666666667,0.833575,4.666666667,2.12517125,0.01875
5.583333333,4.762041667,0.219816667,2491.145833,2.889375,4.429416667,135.052912,16.14673333,456.825,81.76666667,-0.0848375,4.004166667,0,98.31666667,1.197408333,178.3333333,2.666666667,0.809133333,4.666666667,2.124404167,0.0325
5.583333333,4.774458333,0.219783333,2508.604167,2.888125,4.42025,135.1589775,16.11953333,455.8083333,81.8,-0.1065125,4.004166667,0,98.28333333,1.196058333,177,2.666666667,0.7393,4.666666667,2.1222125,0.02875
5.919191919,3.888383838,0.175929293,1811.792929,2.533585859,8.440606061,119.6974407,19.50890909,487.7474747,67.01515152,0.04520202,3.496969697,0,101.8333333,1.262565657,135.8131313,2.227272727,21.97494949,4.04040404,2.353434343,0.0505
4.558956522,5.541851304,0.095249913,3081.771913,1.569727826,4.390708696,156.3122669,70.56226487,454.6516522,83.46573913,2.634659913,4.44336087,-0.000782609,87.6313913,1.068768261,79.47478261,1.194869565,20.03333043,5.565217391,1291.440154,0.0275
5.897959184,7.352653061,0.097612245,3802.44898,1.397346939,5.255816327,162.4082224,12.67783673,296.0816327,76.55102041,1.102612245,5.155102041,0.020408163,138.3061224,1.45344898,145.4285714,1.744897959,27.67426531,5.142857143,1711.045388,4.46775
6,5.70027,0.0641365,2075.98,1.599975,5.7027,158.0286382,12.8813815,388.038,65.2015,1.3447115,4.529925,-8.88E-17,134.9015,1.429057,136.7175,1.8015,27.23216,4.8,1734.46928,2.5
5.714285714,4.579614286,0.229318571,2284.714286,2.703714286,4.426142857,132.8539848,15.82004143,447.04,81.88,0.112244286,4.007142857,0.001428571,100.8185714,1.224377143,156.0585714,2.784285714,0.238742857,4.572857143,2.26778,0.4875
3,4.943,0.2576,3241.9,2.742,2.9934,138.28582,19.8884,217.2,92.1,-0.1686,4.58,0,89.6,1.1005,143.3,2.2,0.89498,4.8,1.7998,0.09
3.8,4.728,0.2702,2921,2.8,3.4844,137.008846,19.4446,280.2,92,-0.0058,4.43,0,89.6,1.1026,149.4,2.3,0.62828,4.8,1.7684,0.05875
4.6664,4.866790333,0.057999833,1527.456433,1.173334,3.206698333,149.1208439,64.9612691,406.3328,73.33416667,1.313094533,4.416666667,0,96.66703333,1.157994167,106.3369667,1.499966667,0.303052333,5.333366667,1238.211006,0.125
4.6656,4.867161333,0.057999333,1527.825733,1.173336,3.206793333,149.1237956,64.9630764,406.3312,73.33666667,1.313378133,4.416666667,0,96.66813333,1.157976667,106.3478667,1.499866667,0.763009333,5.333466667,1238.211024,0.435
4.661333333,4.86914,0.057996667,1529.795333,1.173346667,3.2073,149.139538,64.97271533,406.3226667,73.35,1.314890667,4.416666667,0,96.674,1.157883333,106.406,1.499333333,3.216113333,5.334,1238.21112,1.23125
4.653333333,4.87285,0.057991667,1533.488333,1.173366667,3.20825,149.1690549,64.99078833,406.3066667,73.375,1.317726667,4.416666667,0,96.685,1.157708333,106.515,1.498333333,7.815683333,5.335,1238.2113,0.4925
4.125,4.8825,0.221875,2611.125,3.29625,9.4775,141.7176938,12.181,693.5,81.625,-1.0795,4.1125,0,96.375,1.171375,164.125,1.75,21.69675,5,2.16475,3
5.8,9.148,0.105,4506.28,1.298,7.722,120.914778,23.0112,340.2,76.4,1.889,6.13,0,146.2,1.5982,99.2,1.7,9.9142,5.2,4.8888,1.3
3.545454545,5.209154545,0.243410909,2975.249636,3.279118182,11.79372727,145.2207194,13.87379909,592.9672727,87.53818182,-0.885546364,4.168181818,0,93.27272727,1.14041,195.8790909,2.138181818,4441.901982,5.090909091,2.109640909,5
105,6.656666667,0.617666667,6441.666667,3.555,6.931,153.2159467,13.21833333,750.6666667,91.83333333,-1.1455,4.7,-0.333333333,91.33333333,1.119666667,229,1.833333333,3.097033333,5.666666667,1.927333333,0.0375
